Link,CVEs,Fix,Notes
https://github.com/pyca/pyopenssl/commit/e73818600065821d588af475b024f4eb518c3509,CVE-2018-1000807,true,Pull is patch tagged
https://github.com/ruby/ruby/commit/339e11a7f178312d937b7c95dd3115ce7236597a,CVE-2015-7551,true,
https://github.com/torvalds/linux/commit/67de956ff5dc1d4f321e16cfbd63f5be3b691b43,CVE-2012-3364,true,
https://github.com/forkcms/forkcms/commit/1269fe8b3813c7b7d5552a2b88bc2e7bd4d0c1f9,CVE-2012-1188,true,
https://github.com/torvalds/linux/commit/ccfe8c3f7e52ae83155cb038753f4c75b774ca8a,CVE-2015-3331,true,
https://github.com/getgrav/grav-plugin-admin/commit/a220359877fd1281f76ba732e5308e0e3002e4b1,CVE-2021-29439,true,
https://github.com/redmine/redmine/commit/7e423fb4538247d59e01958c48b491f196a1de56,CVE-2015-8537,true,
https://github.com/atheme/atheme/commit/c597156adc60a45b5f827793cd420945f47bc03b,CVE-2014-9773,true,
https://github.com/torvalds/linux/commit/5a0fdfada3a2aa50d7b947a2e958bf00cbe0d830,CVE-2014-9803,true,
https://github.com/geminabox/geminabox/commit/f8429a9e364658459add170e4ebc7a5d3b4759e7,CVE-2017-16792,true,
https://github.com/torvalds/linux/commit/09ca8e1173bcb12e2a449698c9ae3b86a8a10195,CVE-2012-2121,true,
https://github.com/spree/spree_auth_devise/commit/038d74771d3b5c13d13b738b73dfda1033a99f65,CVE-2013-2506,true,
https://github.com/unshiftio/url-parse/commit/d7b582ec1243e8024e60ac0b62d2569c939ef5de,CVE-2018-3774,false,The other also non patch tagged commit with hash: "53b1794e54d0711ceb52505e0f74145270570d5a" is a fix however
https://github.com/FFmpeg/FFmpeg/commit/f173cdfe669556aa92857adafe60cbe5f2aa1210,CVE-2017-14170,true,
https://github.com/sysphonic/thetis/commit/8004ee0c384daae0b28478ff8193d1990c397f57,CVE-2015-2972,false,Part of 8 non patch tagged commits aimed to improve security
https://github.com/bestpractical/rt/commit/36a461947b00b105336adb4997d,CVE-2015-6506,true,
https://github.com/redmine/redmine/commit/8d8f612fa368a72c56b63f7ce6b7e98cab9feb22,CVE-2015-8473,true,
https://github.com/Piwigo/Piwigo/commit/c3b4c6f7f0ddeaea492080fb8211d7b4cfedaf6f,CVE-2017-17827,true,
https://github.com/gogits/gogs/commit/0c5ba4573aecc9eaed669e9431a70a5d9f184b8d,CVE-2014-8682,true,Tagged as Exploit
https://github.com/openstack/keystone/commit/7691276b869a86c2b75631d5bede9f61e030d9d8,CVE-2013-0270,true,
https://github.com/jborg/attic/commit/78f9ad1faba7193ca7f0acccbc13b1ff6ebf9072,CVE-2015-4082,true,
https://github.com/torvalds/linux/commit/d52fc5dde171f030170a6cb78034d166b13c9445,CVE-2012-2123,true,
https://github.com/krb5/krb5/commit/dc7ed55c689d57de7f7408b34631bf06fec9dab1,CVE-2014-4345,true,
https://github.com/torvalds/linux/commit/cf872776fc84128bb779ce2b83a37c884c3203ae,CVE-2015-4170,true,
https://github.com/droolsjbpm/jbpm-designer/commit/69d8f6b7a099594bd0536f88d528753875857088,CVE-2014-3682,true,Part of a 2 commit patch
https://github.com/pimcore/pimcore/commit/1c6692e8287deed7f3356b6a1e2e9b7fe4e858dd,CVE-2015-4426,true,
https://github.com/Ulterius/server/commit/770d1821de43cf1d0a93c79025995bdd812a76ee,CVE-2017-16806,true,Commit is a huge patch commit
https://github.com/edx/edx-platform/commit/a1ffcc52594b1e7240501aab0ea145f1da3edb5a,CVE-2015-2286,false,The hash is actually true but repo has been moved so "/edx/" -> "/openedx/" leads to fix commit
https://github.com/torvalds/linux/commit/d049f74f2dbe71354d43d393ac3a188947811348,CVE-2013-2929,true,
https://github.com/bittorrent/bootstrap-dht/commit/e809ea80e3527e32c40756eddd8b2ae44bc3af1a,CVE-2015-5685,true,
https://github.com/FreeRDP/FreeRDP/commit/8fb6336a4072abcee8ce5bd6ae91104628c7bb69,CVE-2020-13396+CVE-2020-13397+CVE-2020-13398,false,This is a changelog commit. For e.g. CVE-2020-13396 the correct patch commit is already patch tagged.
https://github.com/django/django/commit/9f75e2e562fa0c0482f3dde6fc7399a9070b4a3d,CVE-2021-33571,true,
https://github.com/torvalds/linux/commit/942080643bce061c3dd9d5718d3b745dcb39a8bc,CVE-2014-9683,true,
https://github.com/torvalds/linux/commit/1f86840f897717f86d523a13e99a447e6a5d2fa5,CVE-2012-6537,true,
https://github.com/droolsjbpm/kie-wb-distributions/commit/90eed433d3,CVE-2014-8115,true,
https://github.com/zulip/zulip/commit/03cfb3d9fe61c975d133121ec31a7357f0c9e18f,CVE-2023-33186,true,
https://github.com/torvalds/linux/commit/2ca39528c01a933f6689cd6505ce65bd6d68a530,CVE-2013-0914,true,
https://github.com/thorsten/phpMyFAQ/commit/2d2a85b59e058869d7cbcfe2d73fed4a282f2e5b,CVE-2017-15728,true,
https://github.com/torvalds/linux/commit/4c87308bdea31a7b4828a51f6156e6f721a1fcc9,CVE-2012-6538,true,
https://github.com/Elgg/Elgg/commit/a74a88501c41e89c8bcd7fc650ae2f8cc0a5003d#L2L21,CVE-2013-0234,true,The other second patch commit for 1.8.13 is actually patch tagged
https://github.com/phpmyadmin/phpmyadmin/commit/c1a3f85fbd1a9569646e7cf1b791325ae82c7961,CVE-2014-7217,true,
https://github.com/phppgadmin/phppgadmin/commit/e92a003624609a445c4cf57c9c3d1fcef0eae47c#diff-0,CVE-2012-1600,false,The other non patch tagged commit with hash: "74174ad639664b52cc1609ede0af8bc403e98a00" is a patch
https://github.com/OpenNMS/opennms/commit/8a97e6869d6e49da18b208c837438ace80049c01%2C,CVE-2021-25933,true,"%2C" needs to be removed from hash this is seen in some other links too. Also this fix is seen in an other patch tagged commit.
https://github.com/torvalds/linux/commit/db27ebb111e9f69efece08e4cb6a34ff980f8896,CVE-2015-2042,true,
https://github.com/PHPMailer/PHPMailer/commit/8beacc646acb67c995aea10ac5585970efc7355a,CVE-2008-5619,false,
https://github.com/torvalds/linux/commit/79e48650320e6fba48369fccf13fd045315b19b8,CVE-2016-4580,true,
https://github.com/apache/httpd/commit/a6027e56924bb6227c1fdbf6f91e7e2438338be6,CVE-2015-3183,true,
https://github.com/torvalds/linux/commit/f9432c5ec8b1e9a09b9b0e5569e3c73db8de432a,CVE-2012-6545,true,
https://github.com/jtdowney/private_address_check/commit/58a0d7fe31de339c0117160567a5b33ad82b46af,CVE-2017-0904,true,
https://github.com/auracms/AuraCMS/commit/790f66ffbc4f23a6e13636fc79d0aa1a7d81e747,CVE-2014-1401,true,
http://github.com/gisle/html-parser/commit/b9aae1e43eb2c8e989510187cff0ba3e996f9a4c,CVE-2009-3627,true,
https://github.com/Piwigo/Piwigo/commit/91ef7909a5c51203f330cbecf986472900b60983,CVE-2017-17823,true,
https://github.com/torvalds/linux/commit/acff81ec2c79492b180fade3c2894425cd35a545,CVE-2015-8660,true,
https://github.com/the-tcpdump-group/tcpdump/commit/35d146b7a66496d72cdeb95ccb33ab80a265ce90,CVE-2017-13004,false,Correct patch with hash: "42073d54c53a496be40ae84152bbfe2c923ac7bc" is patch tagged.
https://github.com/openssl/openssl/commit/4443cf7aa0099e5ce615c18cee249fff77fb0871,CVE-2017-3736,true,
https://github.com/uclouvain/openjpeg/commit/e078172b1c3f98d2219c37076b238fb759c751ea,CVE-2016-5157,true,
https://github.com/jsreport/jsreport-chrome-pdf/commit/6750b2f77d05cb843aefc1c4a98097a3bd33a6a2,CVE-2020-7762,true,
https://github.com/mm2/Little-CMS/commit/91c2db7f2559be504211b283bc3a2c631d6f06d9,CVE-2013-4160,true,
https://github.com/torvalds/linux/commit/338f977f4eb441e69bb9a46eaa0ac715c931a67f,CVE-2014-8709,true,
https://github.com/theforeman/foreman/commit/387b764b614170f23b3552aca498612e341652db,CVE-2012-5648,true,
https://github.com/diversen/gallery/commit/7d58f870e8edc6597485dd1b80ea9fb78580190c,CVE-2013-1668,false,Repo doesnt exist anymore
https://github.com/torvalds/linux/commit/e11e0455c0d7d3d62276a0c55d9dfbc16779d691,CVE-2013-3225,true,
https://github.com/apache/httpd/commit/db81019ab88734ed35fa70294a0cfa7a19743f73,CVE-2015-3185,true,
https://github.com/torvalds/linux/commit/f843ee6dd019bcece3e74e76ad9df0155655d0df,CVE-2017-7184,true,
https://github.com/torvalds/linux/commit/950336ba3e4a1ffd2ca60d29f6ef386dd2c7351d,CVE-2016-2185,true,
https://github.com/igniterealtime/Openfire/commit/ed3492a24274fd454afe93a499db49f3d6335108#diff-3f607cf668ad8f1091e789a2c1dca32a,CVE-2018-11688,true,
https://github.com/openSUSE/open-build-service/commit/2188c059b67b82171d0e28ef59f77e62d22a09d8,CVE-2014-0594,true,
https://github.com/torvalds/linux/commit/b6878d9e03043695dbf3fa1caa6dfc09db225b16,CVE-2015-5697,true,
https://github.com/codepress/admin-columns/commit/b45571ed21d574d13687213a5002e0c68e4442c7,CVE-2021-24366,true,
https://github.com/torvalds/linux/commit/f9a61eb4e2471c56a63cd804c7474128138c38ac,CVE-2015-8952,false,This is however a setup needed for the fix
https://github.com/openSUSE/open-build-service/commit/f57b660f49f830006766a8d4abc3b4af6e178063,CVE-2018-12466+CVE-2018-12467,true,
https://github.com/torvalds/linux/commit/26b87c7881006311828bb0ab271a551a62dcceb4,CVE-2014-3688,true,
https://github.com/phpmyadmin/phpmyadmin/commit/0f0c2f1e2b3ece41cc1bb99a9931c8fcc7c917bc,CVE-2012-4219,true,
https://github.com/forkcms/forkcms/commit/995220182068518e89019a265d113518f6566407,CVE-2012-1188,true,
https://github.com/mantisbt/mantisbt/commit/e5fc835a,CVE-2014-9281,true,
https://github.com/silverstripe/sapphire/commit/252e187,CVE-2012-0976,true,
https://github.com/phpmyadmin/phpmyadmin/commit/ee92eb9bab8e2d546756c1d4aec81ec7c8e44b83,CVE-2015-3902,true,
http://github.com/pawelz/uzbl/commit/342f292c27973c9df5f631a38bd12f14a9c5cdc2,CVE-2010-2809,false,Repo has been moved to uzbl owner.
https://github.com/jupyter/notebook/commit/9e63dd89b603dfbe3a7e774d8a962ee0fa30c0b5,CVE-2015-7337,true,
https://github.com/phpmyadmin/phpmyadmin/commit/b2f1e895038a5700bf8e81fb9a5da36cbdea0eeb,CVE-2015-2206,true,
https://github.com/torvalds/linux/commit/ea702b80e0bbb2448e201472127288beb82ca2fe,CVE-2013-3302,true,
https://github.com/Enalean/gitphp/commit/160621785ee812d6d90e20878bd6175e42c13c94,CVE-2017-1000214,true,
https://github.com/puppetlabs/puppetlabs-cinder/commit/7da792fbd40c0e6eae1ee093aa00e0b177bd2ebc,CVE-2013-0266,true,
https://github.com/torvalds/linux/commit/d26d6504f23e803824e8ebd14e52d4fc0a0b09cb,CVE-2013-3233,true,
https://github.com/WordPress/WordPress/commit/8c82515ab62b88fb32d01c9778f0204b296f3568,CVE-2016-6897,true,
https://github.com/torvalds/linux/commit/d157bd761585605b7882935ffb86286919f62ea1,CVE-2016-3135,true,
https://github.com/facebook/hhvm/commit/7135ec229882370a00411aa50030eada6034cc1b,CVE-2014-6229,true,
https://github.com/openssl/openssl/commit/59302b600e8d5b77ef144e447bb046fd7ab72686,CVE-2015-1790,true,
https://github.com/the-tcpdump-group/tcpdump/commit/4e430c6b0d8b7e77c7abca7e7afb0c3e727502f2,CVE-2017-12896,false,This is a test change commit. The correct patch commit with hash: "f76e7feb41a4327d2b0978449bbdafe98d4a3771" is patch tagged.
https://github.com/torvalds/linux/commit/c27a3e4d667fdcad3db7b104f75659478e0c68d8,CVE-2014-6416+CVE-2014-6417+CVE-2014-6418,true,
https://github.com/torvalds/linux/commit/cea4dcfdad926a27a18e188720efe0f2c9403456,CVE-2013-2850,true,
https://github.com/django/django/commit/e157315da3ae7005fa0683ffc9751dbeca7306c8,CVE-2018-7536,true,
https://github.com/GPCsolutions/dolibarr/commit/a7f6bbd316e9b96216e9b2c7a065c9251c9a8907,CVE-2015-3935,true,
http://github.com/Illydth/wowraidmanager/commit/7dd6367ae85003dd5d715431b6ab695f2c2f200a,CVE-2008-7050,true,
https://github.com/systemd/systemd/commit/afae249efa4774c6676738ac5de6aeb4daf4889f,CVE-2015-8842,true,
https://github.com/torvalds/linux/commit/0f886ca12765d20124bd06291c82951fd49a33be,CVE-2016-2184,true,
https://github.com/openssl/openssl/commit/1421e0c584ae9120ca1b88098f13d6d2e90b83a3,CVE-2015-0205,true,
https://github.com/phpmyadmin/phpmyadmin/commit/1ac863c7573d12012374d5d41e5c7dc5505ea6e1,CVE-2014-9218,true,
https://github.com/GNOME/librsvg/commit/c6ddf2ed4d768fd88adbea2b63f575cd523022ea,CVE-2018-1000041,true,Commit is explicitly mentioned in the description but not tagged as patch
https://github.com/davidben/nspluginwrapper/commit/7e4ab8e1189846041f955e6c83f72bc1624e7a98,CVE-2011-2486,true,
https://github.com/mantisbt/mantisbt/commit/6d47c047,CVE-2014-9571,true,
https://github.com/krb5/krb5/commit/af0ed4df4dfae762ab5fb605f5a0c8f59cb4f6ca,CVE-2014-5351,true,
https://github.com/openstack/nova/commit/8c8735a73afb16d5856f0aa6088e9ae406c52beb,CVE-2012-2101,true,
https://github.com/torvalds/linux/commit/f43bfaeddc79effbf3d0fcb53ca477cca66f3db8,CVE-2016-2117,true,
https://github.com/torvalds/linux/commit/e4ec8cc8039a7063e24204299b462bd1383184a5,CVE-2016-4578,true,Fixes half of the cve problem other half of the patch is in another non patch tagged commit
https://github.com/NagVis/nagvis/commit/4fe8672a5aec3467da72b5852ca6d283c15adb53,CVE-2016-6175,true,According to commit message NagVis itself was never actually vulnerable to this part though.
https://github.com/torvalds/linux/commit/ea04efee7635c9120d015dcdeeeb6988130cb67a,CVE-2017-16645,true,
https://github.com/facebook/hhvm/commit/46003b4ab564b2abcd8470035fc324fe36aa8c75,CVE-2019-3561,true,
https://github.com/osTicket/osTicket-1.8/commit/b38b3ca7235002137cc9ff74b3c24a4a78c9c2d1,CVE-2015-1347,true,
https://github.com/FreePBX/fw_ari/commit/f294b4580ce725ca3c5e692d86e63d40cef4d836,CVE-2014-7235,true,
https://github.com/mardiros/pyshop/commit/ffadb0bcdef1e385884571670210cfd6ba351784,CVE-2013-1630,true,
https://github.com/django/django/commit/ec67af0bd609c412b76eaa4cc89968a2a8e5ad6a,CVE-2013-6044,true,
https://github.com/abrt/abrt/commit/50ee8130fb4cd4ef1af7682a2c85dd99cb99424e,CVE-2015-5273,true,
https://github.com/torvalds/linux/commit/06c8173eb92bbfc03a0fe8bb64315857d0badd06,CVE-2015-2672,true,
https://github.com/splitbrain/dokuwiki/commit/4970ad24ce49ec76a0ee67bca7594f918ced2f5f,CVE-2015-2172,true,
https://github.com/torvalds/linux/commit/23b133bdc452aa441fcb9b82cbf6dd05cfd342d0,CVE-2015-4167,true,
https://github.com/torvalds/linux/commit/04d4fbca1017c11381e7d82acea21dd741e748bc,CVE-2012-6543,true,
https://github.com/fabpot/Twig/commit/30be07759a3de2558da5224f127d052ecf492e8f,CVE-2015-7809,true,
https://github.com/ThomasDickey/lynx-snapshots/commit/280a61b300a1614f6037efc0902ff7ecf17146e9,CVE-2017-1000211,true,
https://github.com/torvalds/linux/commit/d2b9d2a5ad5ef04ff978c9923d19730cb05efd55,CVE-2015-8844,true,
https://github.com/openshift/origin-server/commit/524465f70a32d0eb6bf047e6a05c76c22d52bfa2,CVE-2013-0164,true,
https://github.com/bsdperimeter/pfsense/commit/1379d66f11aaf72982a70287b83e24efcd18898e,CVE-2011-4197,false,Repo doesnt exist anymore
https://github.com/hercules-team/augeas/commit/16387744,CVE-2012-0786,CVE-2012-6607,true,
https://github.com/NationalSecurityAgency/ghidra/commit/a17728f8c12effa171b17a25ccfb7e7d9528c5d0,CVE-2019-16941,true,
https://github.com/capnproto/capnproto/commit/f343f0dbd0a2e87f17cd74f14186ed73e3fbdbfa,CVE-2015-2310,true,
https://github.com/TYPO3/TYPO3.CMS/commit/85d3e70dff35a99ef53f4b561114acfa9e5c47e1,CVE-2020-15098,true,
https://github.com/gturri/aXMLRPC/commit/456752ebc1ef4c0db980cb5b01a0b3cd0a9e0bae,CVE-2020-36641,true,CVE description mentions the hash even as patch but it is not tagged.
https://github.com/SerenityOS/serenity/commit/c9f25bca048443e317f1994ba9b106f2386688c3,CVE-2021-28874,true,CVE description mentions the hash even as patch but it is not tagged.
https://github.com/gnachman/iTerm2/commit/33ccaf61e34ef32ffc9d6b2be5dd218f6bb55f51,CVE-2015-9231,true,
https://github.com/PowerDNS/pdns/commit/881b5b03a590198d03008e4200dd00cc537712f3,CVE-2016-5427,true,
https://github.com/torvalds/linux/commit/a117dacde0288f3ec60b6e5bcedae8fa37ee0dfc,CVE-2012-6547,true,
https://github.com/torvalds/linux/commit/59c816c1f24df0204e01851431d3bab3eb76719c,CVE-2015-4036,true,
https://github.com/torvalds/linux/commit/0e9a9a1ad619e7e987815d20262d36a2f95717ca,CVE-2013-2015,true,
https://github.com/django/django/commit/b45c377f8f488955e0c7069cad3f3dd21910b071,CVE-2012-4520,true,
https://github.com/droolsjbpm/drools/commit/c48464c3b246e6ef0d4cd0dbf67e83ccd532c6d3,CVE-2014-8125,true,
https://github.com/openstack/glance/commit/6ab0992e5472ae3f9bef0d2ced41030655d9d2bc,CVE-2012-4573,true,Is part of the fix but not the main fix commit, that commit is already patch tagged.
https://github.com/openstack/nova/commit/243d516cea9d3caa5a8267b12d2f577dcb24193b,CVE-2013-0208,true,
https://github.com/torvalds/linux/commit/5f5bc6b1e2d5a6f827bc860ef2dc5b6f365d1339,CVE-2014-9710,true,
https://github.com/absolunet/kafe/commit/c644c798bfcdc1b0bbb1f0ca59e2e2664ff3fdd0%23diff-f0f4b5b19ad46588ae9d7dc1889f681252b0698a4ead3a77b7c7d127ee657857,CVE-2020-7761,false,Link is already tagged as "Broken link"
https://github.com/torvalds/linux/commit/f3d3342602f8bcbf37d7c46641cb9bca7618eb1c,CVE-2013-7266+CVE-2013-7267+CVE-2013-7268+CVE-2013-7269+CVE-2013-7270+CVE-2013-7271,true,
https://github.com/torvalds/linux/commit/2d45a02d0166caf2627fe91897c6ffc3b19514c4,CVE-2015-3212,true,
https://github.com/torvalds/linux/commit/5233252fce714053f0151680933571a2da9cbfb4,CVE-2015-8575,true,
https://github.com/torvalds/linux/commit/112e66017bff7f2837030f34c2bc19501e9212d5,CVE-2023-30456,true,
https://github.com/torvalds/linux/commit/1ee0a224bc9aad1de496c795f96bc6ba2c394811,CVE-2013-1774,true,
https://github.com/paypal/SDKs/commit/5f2d6dd77fb4211dcde34e36f1864234526c5d64,CVE-2012-5787,false,Repo doesnt exist anymore
https://github.com/mikel/mail/commit/72befdc4dab3e6e288ce226a7da2aa474cf5be83,CVE-2015-9097,true,
https://github.com/torvalds/linux/commit/677e806da4d916052585301785d847c3b3e6186a,CVE-2017-7184,true,
https://github.com/jupyterlab/jupyterlab/commit/504825938c0abfa2fb8ff8d529308830a5ae42ed,CVE-2021-32797,true,
https://github.com/phpmyadmin/phpmyadmin/commit/62b2c918d26cc78d1763945e3d44d1a63294a819,CVE-2014-9218,true,
https://github.com/silverstripe/sapphire/commit/475e077,CVE-2012-0976,true,
https://github.com/kucherenko/blamer/commit/5fada8c9b6986ecd28942b724fa682e77ce1e11c%2C,CVE-2019-10807,true,"%2C" needs to be removed from hash this is seen in some other links too.
https://github.com/apache/httpd/commit/cd2b7a26c776b0754fb98426a67804fd48118708,CVE-2015-3185,true,
https://github.com/lxc/lxcfs/commit/8ee2a503e102b1a43ec4d83113dc275ab20a869a,CVE-2015-1344,true,
https://github.com/horde/horde/commit/11d74fa5a22fe626c5e5a010b703cd46a136f253,CVE-2015-8807,true,
https://github.com/tensorflow/tensorflow/commit/3a754740d5414e362512ee981eefba41561a63a6,CVE-2022-36014,true,2 commits are mentioned as patch in the description however this one is not patch tagged
https://github.com/torvalds/linux/commit/eb178619f930fa2ba2348de332a1ff1c66a31424,CVE-2013-1819,true,
https://github.com/bcit-ci/CodeIgniter/commit/0dde92def6b9f276f05ff77abb07ead318f9ec23,CVE-2015-5725,true,
https://github.com/mapserver/mapserver/commit/3a10f6b829297dae63492a8c63385044bc6953ed,CVE-2013-7262,true,
https://github.com/apache/httpd/commit/e427c41257957b57036d5a549b260b6185d1dd73,CVE-2015-3183,true,
https://github.com/derrekr/android_security/commit/0dd1a733e60cf5239c0a185d4219ba2ef1118a8b,CVE-2017-0576,true,PoC thus doesnt point into the actual project that is vulnerable.
https://github.com/FFmpeg/FFmpeg/commit/ffcc82219cef0928bed2d558b19ef6ea35634130,CVE-2017-11665,true,
https://github.com/serghey-rodin/vesta/commit/527e4a9a62204be9b34c1338fadfe959b0fd3974,CVE-2015-2861,true,
https://github.com/torvalds/linux/commit/a497e47d4aec37aaf8f13509f3ef3d1f6a717d88,CVE-2013-6378,true,
https://github.com/php/php-src/commit/2fefae47716d501aec41c1102f3fd4531f070b05,CVE-2014-3597,true,
https://github.com/torvalds/linux/commit/4a1d704194a441bf83c636004a479e01360ec850,CVE-2012-1179,true,
https://github.com/xrg/asterisk-xrg/commit/10da3dab24e8ca08cf2c983f8d0206e383535b5a,CVE-2008-1897,true,
https://github.com/phpmyadmin/phpmyadmin/commit/5ebc4daf131dd3bd646326267f3e765d0249bbb4,CVE-2015-3903,true,
https://github.com/torvalds/linux/commit/4a184233f21645cf0b719366210ed445d1024d72,CVE-2013-3234,true,
https://github.com/torvalds/linux/commit/ca4da5dd1f99fe9c59f1709fb43e818b18ad20e0,CVE-2015-1333,true,
https://github.com/fusionpbx/fusionpbx/commit/6baad9af1bc55c80b793af3bd1ac35b39c20b173,CVE-2019-16965,true,Is a delete of the whole file.
https://github.com/openstack/keystone/commit/24df3adb3f50cbb5ada411bc67aba8a781e6a431,CVE-2012-4456,true,
https://github.com/bagder/curl/commit/75ca568fa1c19de4c5358fed246686de8467c238,CVE-2012-0036,true,
https://github.com/sass/libsass/commit/210fdff7a65370c2ae24e022a2b35da8c423cc5f,CVE-2018-19837,true,
https://github.com/jjanku/podofo/commit/ada821df68fb0bf673840ed525daf4ec709dbfd9,CVE-2019-9199,true,
https://github.com/torvalds/linux/commit/ea3d7209ca01da209cda6f0dea8be9cc4b7a933b,CVE-2015-8839,true,
https://github.com/yoe/nbd/commit/741495cb08503fd32a9d22648e63b64390c601f4,CVE-2013-7441,true,
https://github.com/torvalds/linux/commit/92f28d973cce45ef5823209aab3138eb45d8b349,CVE-2013-1958,true,
https://github.com/rhuss/jolokia/commit/2d9b168cfbbf5a6d16fa6e8a5b34503e3dc42364,CVE-2014-0168,true,This is tagged as "Exploit".
https://github.com/torvalds/linux/commit/e237ec37ec154564f8690c5bd1795339955eeef9,CVE-2014-9728+CVE-2014-9730,true,
https://github.com/mybb/mybb/commit/238696e37d6a22b89e6bba11e4de3e6620cb5547,CVE-2013-7288,true,
https://github.com/django/django/commit/1ca63a66ef3163149ad822701273e8a1844192c2,CVE-2018-7536,true,
https://github.com/ethereum/go-ethereum/commit/106d196ec4a6451efedc60ab15957f231fa85639,CVE-2018-16733,true,
https://github.com/weld/core/commit/6808b11cd6d97c71a2eed754ed4f955acd789086,CVE-2014-8122,true,
https://github.com/mumble-voip/mumble/commit/5632c35d6759f5e13a7dfe78e4ee6403ff6a8e3e,CVE-2012-0863,true,
https://github.com/facebook/hhvm/commit/1f91e076a585118495b976a413c1df40f6fd3d41,CVE-2014-6228,true,
https://github.com/lxc/lxc/commit/72cf81f6a3404e35028567db2c99a90406e9c6e6,CVE-2015-1331,true,
https://github.com/formspree/formspree/commit/5f18eeaaa459bee9a58f70cdf7c46adb1ef34ea7,CVE-2018-6354,true,This is tagged as "Exploit"
https://github.com/apache/httpd/commit/be0f5335e3e73eb63253b050fdc23f252f5c8ae3,CVE-2015-0253,true,
https://github.com/torvalds/linux/commit/d114b9fe78c8d6fc6e70808c2092aa307c36dc8e,CVE-2015-4002,true,
https://github.com/torvalds/linux/commit/c9b92530a723ac5ef8e352885a1862b18f31b2f5,CVE-2015-7509,true,
https://github.com/torvalds/linux/commit/f0d1bec9d58d4c038d0ac958c9af82be6eb18045,CVE-2015-1805,true,
https://github.com/znc/znc/commit/11508aa72efab4fad0dbd8292b9614d9371b20a9#modules/bouncedcc.cpp,CVE-2012-0033,true,
https://github.com/google/gvisor/commit/001a4c2493b13a43d62c7511fb509a959ae4abc2,CVE-2018-16359,true,
https://github.com/torvalds/linux/commit/e0c9c0afd2fc958ffa34b697972721d81df8a56f,CVE-2015-4176,true,
https://github.com/owncloud/core/commit/9605e1926c6081e88326bf78a02c1d1b83126c4f,CVE-2012-4752,true,
https://github.com/getkirby/kirby/commit/0e10ce3b0c2b88656564b8ff518ddc99136ac43e,CVE-2023-38492,true,
https://github.com/baserproject/basercms/commit/eb5977533d05db4f3bb03bd19630b66052799b2e,CVE-2023-43647,true,
https://github.com/mantisbt/mantisbt/commit/e66ecc9f,CVE-2014-6316,true,
https://github.com/ipython/ipython/commit/3ab41641cf6fce3860c73d5cf4645aa12e1e5892,CVE-2015-6938,true,
https://github.com/mantisbt/mantisbt/commit/599364b2,CVE-2014-9280,true,